Handle,Image Src,Image Position,Image Alt Text
payday-deck-chrome-838,https://1337wheels-design.github.io/prompthaus/deck-shop/assets/boards/payday_CHROME-preview.jpg,1,Payday Deck CHROME — Produktansicht
payday-deck-chrome-838,https://1337wheels-design.github.io/prompthaus/deck-shop/assets/boards/payday_CHROME-thumb.jpg,2,Payday Deck CHROME — Thumbnail
payday-deck-chrome-850,https://1337wheels-design.github.io/prompthaus/deck-shop/assets/boards/payday_CHROME-preview.jpg,1,Payday Deck CHROME — Produktansicht
payday-deck-chrome-850,https://1337wheels-design.github.io/prompthaus/deck-shop/assets/boards/payday_CHROME-thumb.jpg,2,Payday Deck CHROME — Thumbnail
payday-deck-neon-838,https://1337wheels-design.github.io/prompthaus/deck-shop/assets/boards/payday_NEON-preview.jpg,1,Payday Deck NEON — Produktansicht
payday-deck-neon-838,https://1337wheels-design.github.io/prompthaus/deck-shop/assets/boards/payday_NEON-thumb.jpg,2,Payday Deck NEON — Thumbnail
payday-deck-neon-850,https://1337wheels-design.github.io/prompthaus/deck-shop/assets/boards/payday_NEON-preview.jpg,1,Payday Deck NEON — Produktansicht
payday-deck-neon-850,https://1337wheels-design.github.io/prompthaus/deck-shop/assets/boards/payday_NEON-thumb.jpg,2,Payday Deck NEON — Thumbnail
payday-deck-linear-838,https://1337wheels-design.github.io/prompthaus/deck-shop/assets/boards/payday_ARCTIC-preview.jpg,1,Payday Deck PAYDAY Linear — Produktansicht
payday-deck-linear-838,https://1337wheels-design.github.io/prompthaus/deck-shop/assets/boards/payday_ARCTIC-thumb.jpg,2,Payday Deck PAYDAY Linear — Thumbnail
payday-deck-linear-850,https://1337wheels-design.github.io/prompthaus/deck-shop/assets/boards/payday_ARCTIC-preview.jpg,1,Payday Deck PAYDAY Linear — Produktansicht
payday-deck-linear-850,https://1337wheels-design.github.io/prompthaus/deck-shop/assets/boards/payday_ARCTIC-thumb.jpg,2,Payday Deck PAYDAY Linear — Thumbnail
payday-deck-arctic-838,https://1337wheels-design.github.io/prompthaus/deck-shop/assets/boards/payday_PAYDAY_Linear-preview.jpg,1,Payday Deck ARCTIC — Produktansicht
payday-deck-arctic-838,https://1337wheels-design.github.io/prompthaus/deck-shop/assets/boards/payday_PAYDAY_Linear-thumb.jpg,2,Payday Deck ARCTIC — Thumbnail
payday-deck-arctic-850,https://1337wheels-design.github.io/prompthaus/deck-shop/assets/boards/payday_PAYDAY_Linear-preview.jpg,1,Payday Deck ARCTIC — Produktansicht
payday-deck-arctic-850,https://1337wheels-design.github.io/prompthaus/deck-shop/assets/boards/payday_PAYDAY_Linear-thumb.jpg,2,Payday Deck ARCTIC — Thumbnail
payday-deck-night-838,https://1337wheels-design.github.io/prompthaus/deck-shop/assets/boards/payday_NIGHT-preview.jpg,1,Payday Deck NIGHT — Produktansicht
payday-deck-night-838,https://1337wheels-design.github.io/prompthaus/deck-shop/assets/boards/payday_NIGHT-thumb.jpg,2,Payday Deck NIGHT — Thumbnail
payday-deck-night-850,https://1337wheels-design.github.io/prompthaus/deck-shop/assets/boards/payday_NIGHT-preview.jpg,1,Payday Deck NIGHT — Produktansicht
payday-deck-night-850,https://1337wheels-design.github.io/prompthaus/deck-shop/assets/boards/payday_NIGHT-thumb.jpg,2,Payday Deck NIGHT — Thumbnail
payday-deck-camo-838,https://1337wheels-design.github.io/prompthaus/deck-shop/assets/boards/payday_PAYDAY-preview.jpg,1,Payday Deck PAYDAY Camo — Produktansicht
payday-deck-camo-838,https://1337wheels-design.github.io/prompthaus/deck-shop/assets/boards/payday_PAYDAY-thumb.jpg,2,Payday Deck PAYDAY Camo — Thumbnail
payday-deck-camo-850,https://1337wheels-design.github.io/prompthaus/deck-shop/assets/boards/payday_PAYDAY-preview.jpg,1,Payday Deck PAYDAY Camo — Produktansicht
payday-deck-camo-850,https://1337wheels-design.github.io/prompthaus/deck-shop/assets/boards/payday_PAYDAY-thumb.jpg,2,Payday Deck PAYDAY Camo — Thumbnail
