Title,URL handle,Description,Vendor,Type,Tags,Published on online store,Status,Option1 name,Option1 value,SKU,Weight value (grams),Inventory tracker,Inventory quantity,Continue selling when out of stock,Price,Requires shipping,Charge tax,Fulfillment service,Product image URL,Image position,Image alt text,SEO title,SEO description
Üpark Payday 2026 — Event-Ticket,event-ticket,<p>Einlass zum Skate-Contest am <strong>11.07.2026</strong> im Skatepark Bremen Überseestadt (14:00–19:00).</p><ul><li>Check-in am Unlock-Booth</li><li>Inkl. Basic Pack (1 Standard-Karte)</li><li>Zugang zu allen Challenges &amp; Tombola-Ziehung</li><li>Ab 19:00: Grill &amp; Networking</li></ul>,Üpark Payday,Event Ticket,"event,ticket,registration",true,active,Title,Default,UPAY-TICKET-001,0,shopify,200,deny,15.00,true,true,manual,,,,Üpark Payday 2026 Ticket,Event-Ticket inkl. Basic Pack — Skatepark Bremen Überseestadt
Sponsor Single Pack,single-pack,"<p><strong>1 Sponsor-Karte</strong> im Yu-Gi-Oh! Spell-Card-Stil + <strong>1 Tombola-Los</strong>.</p><p>Karten aus dem Co-Host-Challenge-Pool (Cash for Tricks, Young Gun, Shop Battle u.a.). Physische Ausgabe am Unlock-Booth.</p>",Üpark Payday,Card Pack,"pack,single,tombola",true,active,Title,Default,UPAY-SINGLE-001,50,shopify,100,deny,8.00,true,true,manual,,,,Sponsor Single Pack — Üpark Payday,Tombola-Lose &amp; Sponsor-Karte für Üpark Payday 2026
Sponsor Double Pack,double-pack,"<p><strong>2 Sponsor-Karten</strong> + <strong>3 Tombola-Lose</strong>.</p><p>Ideal für Fahrer, die mehrere Challenges aktivieren wollen. Deluxe-Option mit Goldfolie-Rahmen auf Anfrage (limitiert).</p>",Üpark Payday,Card Pack,"pack,double,tombola",true,active,Title,Default,UPAY-DOUBLE-001,80,shopify,60,deny,18.00,true,true,manual,,,,Sponsor Double Pack — Üpark Payday,2 Karten + 3 Tombola-Lose
Sponsor Triple Pack,triple-pack,<p><strong>3 Sponsor-Karten + 1 Bonus-Card</strong> + <strong>7 Tombola-Lose</strong>.</p><p>Maximale Tombola-Chancen und voller Zugang zum Challenge-Spell-Pool. Limitierte Auflage.</p>,Üpark Payday,Card Pack,"pack,triple,tombola,premium",true,active,Title,Default,UPAY-TRIPLE-001,120,shopify,30,deny,35.00,true,true,manual,,,,Sponsor Triple Pack — Üpark Payday,3 Karten + Bonus + 7 Tombola-Lose
Payday Deck — CHROME 8.38,payday-deck-chrome-838,"<p>Physisches Payday Deck, CHROME Camo, 8.38"" Breite. Inkl. Griptape.</p><p>Druck-PDF: payday_CHROME.pdf</p>",Pay Day Skateboards,Deck,"deck,chrome,838",true,active,Size,8.38,UPAY-DECK-CHROME-838,1200,shopify,5,deny,59.00,true,true,manual,https://1337wheels-design.github.io/prompthaus/deck-shop/assets/boards/payday_CHROME-preview.jpg,1,Payday Deck CHROME — Produktansicht,Payday CHROME Deck 8.38,CHROME Camo — 8.38 inch — 59 EUR inkl. Griptape
,payday-deck-chrome-838,,,,,,,,,,,,,,,,,,https://1337wheels-design.github.io/prompthaus/deck-shop/assets/boards/payday_CHROME-thumb.jpg,,Payday Deck CHROME — Detail,,
Payday Deck — CHROME 8.5,payday-deck-chrome-850,"<p>Physisches Payday Deck, CHROME Camo, 8.5"" Breite. Inkl. Griptape.</p>",Pay Day Skateboards,Deck,"deck,chrome,850",true,active,Size,8.5,UPAY-DECK-CHROME-850,1200,shopify,5,deny,59.00,true,true,manual,https://1337wheels-design.github.io/prompthaus/deck-shop/assets/boards/payday_CHROME-preview.jpg,1,Payday Deck CHROME — Produktansicht,Payday CHROME Deck 8.5,CHROME Camo — 8.5 inch — 59 EUR inkl. Griptape
,payday-deck-chrome-850,,,,,,,,,,,,,,,,,,https://1337wheels-design.github.io/prompthaus/deck-shop/assets/boards/payday_CHROME-thumb.jpg,,Payday Deck CHROME — Detail,,
Payday Deck — NEON 8.38,payday-deck-neon-838,"<p>NEON Camo, 8.38"". Inkl. Griptape. PDF: payday_NEON.pdf</p>",Pay Day Skateboards,Deck,"deck,neon,838",true,active,Size,8.38,UPAY-DECK-NEON-838,1200,shopify,4,deny,59.00,true,true,manual,https://1337wheels-design.github.io/prompthaus/deck-shop/assets/boards/payday_NEON-preview.jpg,1,Payday Deck NEON — Produktansicht,Payday NEON 8.38,NEON Camo Deck — 59 EUR
,payday-deck-neon-838,,,,,,,,,,,,,,,,,,https://1337wheels-design.github.io/prompthaus/deck-shop/assets/boards/payday_NEON-thumb.jpg,,Payday Deck NEON — Detail,,
Payday Deck — NEON 8.5,payday-deck-neon-850,"<p>NEON Camo, 8.5"". Inkl. Griptape.</p>",Pay Day Skateboards,Deck,"deck,neon,850",true,active,Size,8.5,UPAY-DECK-NEON-850,1200,shopify,4,deny,59.00,true,true,manual,https://1337wheels-design.github.io/prompthaus/deck-shop/assets/boards/payday_NEON-preview.jpg,1,Payday Deck NEON — Produktansicht,Payday NEON 8.5,NEON Camo Deck — 59 EUR
,payday-deck-neon-850,,,,,,,,,,,,,,,,,,https://1337wheels-design.github.io/prompthaus/deck-shop/assets/boards/payday_NEON-thumb.jpg,,Payday Deck NEON — Detail,,
Payday Deck — PAYDAY Linear 8.38,payday-deck-linear-838,"<p>PAYDAY Linear Gradient, 8.38"". Inkl. Griptape. PDF: payday_ARCTIC.pdf</p>",Pay Day Skateboards,Deck,"deck,payday,linear,838",true,active,Size,8.38,UPAY-DECK-LINEAR-838,1200,shopify,4,deny,59.00,true,true,manual,https://1337wheels-design.github.io/prompthaus/deck-shop/assets/boards/payday_ARCTIC-preview.jpg,1,Payday Deck PAYDAY Linear — Produktansicht,Payday Linear 8.38,PAYDAY Linear Deck — 59 EUR
,payday-deck-linear-838,,,,,,,,,,,,,,,,,,https://1337wheels-design.github.io/prompthaus/deck-shop/assets/boards/payday_ARCTIC-thumb.jpg,,Payday Deck PAYDAY Linear — Detail,,
Payday Deck — PAYDAY Linear 8.5,payday-deck-linear-850,"<p>PAYDAY Linear, 8.5"". Inkl. Griptape. PDF: payday_ARCTIC.pdf</p>",Pay Day Skateboards,Deck,"deck,payday,linear,850",true,active,Size,8.5,UPAY-DECK-LINEAR-850,1200,shopify,4,deny,59.00,true,true,manual,https://1337wheels-design.github.io/prompthaus/deck-shop/assets/boards/payday_ARCTIC-preview.jpg,1,Payday Deck PAYDAY Linear — Produktansicht,Payday Linear 8.5,PAYDAY Linear Deck — 59 EUR
,payday-deck-linear-850,,,,,,,,,,,,,,,,,,https://1337wheels-design.github.io/prompthaus/deck-shop/assets/boards/payday_ARCTIC-thumb.jpg,,Payday Deck PAYDAY Linear — Detail,,
Payday Deck — ARCTIC 8.38,payday-deck-arctic-838,"<p>ARCTIC Linear (icy field), 8.38"". Inkl. Griptape. PDF: payday_PAYDAY_Linear.pdf</p>",Pay Day Skateboards,Deck,"deck,arctic,838",true,active,Size,8.38,UPAY-DECK-ARCTIC-838,1200,shopify,4,deny,59.00,true,true,manual,https://1337wheels-design.github.io/prompthaus/deck-shop/assets/boards/payday_PAYDAY_Linear-preview.jpg,1,Payday Deck ARCTIC — Produktansicht,Payday ARCTIC 8.38,ARCTIC Linear Deck — 59 EUR
,payday-deck-arctic-838,,,,,,,,,,,,,,,,,,https://1337wheels-design.github.io/prompthaus/deck-shop/assets/boards/payday_PAYDAY_Linear-thumb.jpg,,Payday Deck ARCTIC — Detail,,
Payday Deck — ARCTIC 8.5,payday-deck-arctic-850,"<p>ARCTIC Linear (icy field), 8.5"". Inkl. Griptape. PDF: payday_PAYDAY_Linear.pdf</p>",Pay Day Skateboards,Deck,"deck,arctic,850",true,active,Size,8.5,UPAY-DECK-ARCTIC-850,1200,shopify,4,deny,59.00,true,true,manual,https://1337wheels-design.github.io/prompthaus/deck-shop/assets/boards/payday_PAYDAY_Linear-preview.jpg,1,Payday Deck ARCTIC — Produktansicht,Payday ARCTIC 8.5,ARCTIC Linear Deck — 59 EUR
,payday-deck-arctic-850,,,,,,,,,,,,,,,,,,https://1337wheels-design.github.io/prompthaus/deck-shop/assets/boards/payday_PAYDAY_Linear-thumb.jpg,,Payday Deck ARCTIC — Detail,,
Payday Deck — NIGHT 8.38,payday-deck-night-838,"<p>NIGHT Camo, 8.38"". Inkl. Griptape. PDF: payday_NIGHT.pdf</p>",Pay Day Skateboards,Deck,"deck,night,838",true,active,Size,8.38,UPAY-DECK-NIGHT-838,1200,shopify,4,deny,59.00,true,true,manual,https://1337wheels-design.github.io/prompthaus/deck-shop/assets/boards/payday_NIGHT-preview.jpg,1,Payday Deck NIGHT — Produktansicht,Payday NIGHT 8.38,NIGHT Camo Deck — 59 EUR
,payday-deck-night-838,,,,,,,,,,,,,,,,,,https://1337wheels-design.github.io/prompthaus/deck-shop/assets/boards/payday_NIGHT-thumb.jpg,,Payday Deck NIGHT — Detail,,
Payday Deck — NIGHT 8.5,payday-deck-night-850,"<p>NIGHT Camo, 8.5"". Inkl. Griptape.</p>",Pay Day Skateboards,Deck,"deck,night,850",true,active,Size,8.5,UPAY-DECK-NIGHT-850,1200,shopify,4,deny,59.00,true,true,manual,https://1337wheels-design.github.io/prompthaus/deck-shop/assets/boards/payday_NIGHT-preview.jpg,1,Payday Deck NIGHT — Produktansicht,Payday NIGHT 8.5,NIGHT Camo Deck — 59 EUR
,payday-deck-night-850,,,,,,,,,,,,,,,,,,https://1337wheels-design.github.io/prompthaus/deck-shop/assets/boards/payday_NIGHT-thumb.jpg,,Payday Deck NIGHT — Detail,,
Payday Deck — PAYDAY Camo 8.38,payday-deck-camo-838,"<p>PAYDAY Blob Camo, 8.38"". Inkl. Griptape. PDF: payday_PAYDAY.pdf</p>",Pay Day Skateboards,Deck,"deck,payday,camo,838",true,active,Size,8.38,UPAY-DECK-CAMO-838,1200,shopify,4,deny,59.00,true,true,manual,https://1337wheels-design.github.io/prompthaus/deck-shop/assets/boards/payday_PAYDAY-preview.jpg,1,Payday Deck PAYDAY Camo — Produktansicht,Payday Camo 8.38,PAYDAY Camo Deck — 59 EUR
,payday-deck-camo-838,,,,,,,,,,,,,,,,,,https://1337wheels-design.github.io/prompthaus/deck-shop/assets/boards/payday_PAYDAY-thumb.jpg,,Payday Deck PAYDAY Camo — Detail,,
Payday Deck — PAYDAY Camo 8.5,payday-deck-camo-850,"<p>PAYDAY Blob Camo, 8.5"". Inkl. Griptape. PDF: payday_PAYDAY.pdf</p>",Pay Day Skateboards,Deck,"deck,payday,camo,850",true,active,Size,8.5,UPAY-DECK-CAMO-850,1200,shopify,4,deny,59.00,true,true,manual,https://1337wheels-design.github.io/prompthaus/deck-shop/assets/boards/payday_PAYDAY-preview.jpg,1,Payday Deck PAYDAY Camo — Produktansicht,Payday Camo 8.5,PAYDAY Camo Deck — 59 EUR
,payday-deck-camo-850,,,,,,,,,,,,,,,,,,https://1337wheels-design.github.io/prompthaus/deck-shop/assets/boards/payday_PAYDAY-thumb.jpg,,Payday Deck PAYDAY Camo — Detail,,
Attitude Bremen — Art Print (limitiert),art-print-attitude,"<p>Limitierter Art Print aus der Attitude Bremen Gallery-Serie.</p><p>Teil des Art/Culture Packs — exklusiv für Üpark Payday 2026.</p><p>Format: A3, 300gsm.</p>",Attitude Bremen,Art,"art,attitude,limited",true,active,Title,Default,UPAY-ART-001,200,shopify,20,deny,25.00,true,true,manual,,,,Attitude Art Print — Üpark Payday,Limitierter Art Print — Attitude Bremen × Üpark Payday
